"gender","avg_prevalence"
"Male","1084.9761904761904"
"Female","885.4129032258066"
