"yearstart","avg_prevalence"
2015,"1122.2824675324673"
2016,"193.55642458100553"
