"gender","avg_prevalence"
"Male","2127.536697247706"
"Female","714.6582278481014"
